thread_id,text,has_modification,modifications,gold_has_modification,gold_modifications,annotator,annotation_notes
UgznFQYRiU_HI-5P-KN4AaABAg,"כפרה מה עם להשרות את הכוסברה?? כי אנחנו יהודים! גם לא גידול גוש קטיף (שגם אותו צריך להשרות) וגם לא משרה??.. נשמה, צר לי לומר אבל דם בביצה עם כל הכבוד זה לא פחות חמור. כמות החרקים שיש בירק אתה לא חולם אפילו! סה""כ 3 דק' במים וסבון כלים/מלח (לירק בגידול גוש קטיף/מהדרין) ואתה שקט",True,"[{""span"": ""להשרות את הכוסברה"", ""aspect"": ""TECHNIQUE"", ""confidence"": 0.9}, {""span"": ""3 דק' במים וסבון כלים/מלח"", ""aspect"": ""TECHNIQUE"", ""confidence"": 0.9}]",,,,
UgzWj8__LI_i1QqnmTZ4AaABAg,אהבתי את השילוש הקדוש😂😂😂,False,[],,,,
Ugw64yq7tvhDwt3gF0Z4AaABAg,נהדר תודה רבה,False,[],,,,
UgxizXE-xdP8CT9IR3h4AaABAg,תוסיף ברכה לפני האכילה רק יוסיף לך ברכה,False,[],,,,
UgzBlOqRkyqmIrjtEFR4AaABAg,איפה המתכון????מה אכפת לנו הברגה מריחה וגלגול הבצק.....,False,[],,,,
UgzSrH3Il8pjGVxvYAV4AaABAg,"אישה נפלאה- המתכונים שלך מה❤
ומצליחים כל כך - מסבירה מדוייק- יישר כחך",False,[],,,,
UgzFLG35wQiVTnt4NX94AaABAg,תותחית על בלי עין הרע,False,[],,,,
UgwVn1OAgiUgkyjOnsJ4AaABAg,מזל שהפסיקו לשדר את הפרסומת המגעילה של סאנו,False,[],,,,
UgzmatsWEktVt3O8NyN4AaABAg,ניראה ממש טוב מתאים לפורים,False,[],,,,
UgxXzK1CNTuR63PBeep4AaABAg,מתכון בבקשה של בצל,False,[],,,,
UgwPBS40Wp72FKBhaNl4AaABAg,100 אחוז נותן טעם לוואי😢,True,"[{""span"": ""100 אחוז נותן טעם לוואי"", ""aspect"": ""SUBSTITUTION"", ""confidence"": 0.6}]",,,,
UgwoECurLsuwaBuFssB4AaABAg,תודה. נשמע מעולה. איך מנקים אחר כך את הנינג'ה?,False,[],,,,
UgzCMOpZcTagxNx6Z5Z4AaABAg,"חסר המרשם
כמויןת",False,[],,,,
Ugw_FYIPtU0aYxEOoDh4AaABAg,"מושלם! בריא, מגרה ומאד טעים!
הברכה לפני הטעימה חסרה לי מאד. יהודים על רמה, כמוכם, מתאים לכם לברך לפני האכילה. 
אף פעם לא מאוחר!!!",False,[],,,,
Ugx84Ky0KBPQgrDZvxJ4AaABAg,"טוני היקרה❤
רפואה שלמה🙏🙏🙏🙏
ואיזו אלופה,שתזכי למצוות❤❤❤",False,[],,,,
UgzafL25ttgoORYuJ9p4AaABAg,"מכינה בלי הטטרם ויוצא מעולה חח 
אבל תודה על המידע",True,"[{""span"": ""מכינה בלי הטטרם"", ""aspect"": ""SUBSTITUTION"", ""confidence"": 0.9}]",,,,
UgykJjQmF_7e2HbZlGl4AaABAg,מימון אתה חייב לענות לי חחחחח,False,[],,,,
UgyB78cX5e8cGAemp1V4AaABAg,נראה ממש טעים,False,[],,,,
UgxIxfGQRDxp4TNvB2d4AaABAg,אי אפשר מיקרופון יותר זעיר???,False,[],,,,
UgwNjrzqhjvQaNPAs4B4AaABAg,"היי סיוון, תודה רבה על כל המתכונים המעולים והמושקעים. רציתי לשאול האם לדעתך ניתן לאפות את הסיגרים במקום לטגן, כדי לחסוך בקלוריות. תודה.",False,[],,,,
UgzwB_xOHtbaOnNTIkx4AaABAg,"אלופה
אין על המתכונים שלך❤",False,[],,,,
Ugz1k6PnjKXmTc9_wth4AaABAg,"אני עף על מנות כאלו, שאפשר להכין הכל שעות מראש ולחמם ולהרכיב לפני ההגשה. שלמות! תודה 🙏",False,[],,,,
UgwZjTpLcyO-WpKeYgV4AaABAg,בתנור באיזה מצב מכינים,False,[],,,,
UgxMGFzn38dQfNJd05p4AaABAg,שירן מקסימה מהממת עלי והצליחי בדרך היהדות נהיית עוד יותר יפה מתנה בהמתנה  תזכי לגבר מדהים ❤❤❤❤,False,[],,,,
UgxpJtfWS8ihKD8JNU14AaABAg,אמא שלי הכינה את זה החשב,False,[],,,,
UgydBXCDv3DWBgSkn2N4AaABAg,מושלם תודה רבה ❤❤❤,False,[],,,,
UgxTY5V3dkz6ZySbLyB4AaABAg,איפה קונים קטנים?,False,[],,,,
UgzmOKBpeJAoc-TAfFd4AaABAg,נראה טעים חן פשוט וגאוני ❤,False,[],,,,
UgybUK9ldqP2kSq8IXN4AaABAg,כל הכבוד.    זה. האורגינלי       אהבתי.    והתרשמתי.        זה בטוח. שהמשפחה.  נהנים. המכשולים שלך,False,[],,,,
UgxL1ASTXL3ot3F6bs94AaABAg,אתה ענקקק אחי הפיצה שלך מספר 1!!,False,[],,,,
Ugy2RIX2Rcbsgfpgk2F4AaABAg,היי חגית אם אני רוצה למלות בפרג אך אני מכינה את המילוי ? תודה 🤗,False,[],,,,
UgzZCS4cw07OhTPlxlF4AaABAg,למה נקניקיות אבל????!!!!! למה לא בשר אמיתי,False,[],,,,
Ugx-4kP5lGn97fPbUcR4AaABAg,אהבתי את המאמאמיה😂😂😂😂 סירטון חזק ביותר❤,False,[],,,,
UgwTZi4O1DDkt_g1a214AaABAg,ואוו איזה יופי לחמניות כוסמין איזה רכות משהו אין אין כזאת אליפות תודה רבה על המתכון ניראה מעולה אלופה,False,[],,,,
UgyAOLESYm0rVk-lN9F4AaABAg,וואו עשיתה לי חשק איזה יופי אם המיקלט חחח,False,[],,,,
UgzMgusYf3xj0l6TeIF4AaABAg,הרגת אותי קובי הריר נוזל! יקח לי יום שלם להכין כל מה שהכנת,False,[],,,,
Ugw3MwlcyoSoGlHpj6V4AaABAg,אשמח למתכון פרווה בבקשה,False,[],,,,
UgwbjF9hviynR4ks9M14AaABAg,סליחה אבל מעבדה בבית אין😅 (היה מעניין לצפות תודה),False,[],,,,
UgymLLUt7DdONMnmi794AaABAg,"תודה רבה, נראה פשוט מושלם!",False,[],,,,
UgzmFN6lQpWbZgKaxrN4AaABAg,תשים שמן בדף אפייה  ככה לא ידבק לך . וגם תשתדל לעשות את המופלטה עגולה . .סך הכל המתכון.מוצלח. תודה ❤,True,"[{""span"": ""תשים שמן בדף אפייה"", ""aspect"": ""TECHNIQUE"", ""confidence"": 0.95}, {""span"": ""לעשות את המופלטה עגולה"", ""aspect"": ""TECHNIQUE"", ""confidence"": 0.95}]",,,,
UgwM4jjyX4qlXuueFVl4AaABAg,לא בקטע רע אתם מושלמוזה לא בושה להיות לסבית,False,[],,,,
UgxOa1Lq-0dAPgyXvml4AaABAg,"טוב שיש אותך אחי , אם אפשר הייתי שמח שתבדוק את המכשיר עם הטאבון והמעשנה ביחד, לפי יוטוברים שבדקו הוא דווקא יותר טוב מהמכשיר שהוא מעשנה בלבד...אולי שריג ישלחו לך גם אותו לסיקור",False,[],,,,
UgwW9rp7P12tjBw_Tul4AaABAg,איזו אלגנטיות 😍,False,[],,,,
UgzxGXWP_1XfeQb1H5d4AaABAg,"❤🎉❤🎉
נראות מעולה
ומזמינות❤🎉",False,[],,,,
UgwTs7aAtRabykHCXhN4AaABAg,איך עשית את הציוריים  הפרצופים על הדונאס אשמח לדעת תודה❤🙏🙏🙏,False,[],,,,
Ugy1jUbNanP-ivk7EBV4AaABAg,אין אבקת אפיה,True,"[{""span"": ""אין אבקת אפיה"", ""aspect"": ""SUBSTITUTION"", ""confidence"": 0.7}]",,,,
UgxM66FtkUFcGT1pRlh4AaABAg,וואו הכרושה מהממת,False,[],,,,
UgxCiMJARLVtVdkGMzR4AaABAg,אנחנו צריכים מתכונים ללא קיטניות,False,[],,,,
UgyBuqBZxrtFk8BaXoF4AaABAg,"הגיע הזמן שתלמד עברית. מתי אומרים שלש או שלשה, מתי אומרים שנים או שתים, אחר כך נדבר על בישול",False,[],,,,
UgwCTHv47SmZbKrwEnh4AaABAg,"לאיפה הגענו
מפרסמים ברזים",False,[],,,,
Ugz1lQxjdeFX-nYuLTZ4AaABAg,כוסמין לבן יעבוד טוב כי הוא מתנהג זהה .המלא מטבעו קל אז לא בטוחה איך יצא לך,True,"[{""span"": ""כוסמין לבן"", ""aspect"": ""SUBSTITUTION"", ""confidence"": 0.95}]",,,,
Ugzyn6RTdZ_dU21GXKt4AaABAg,אתה הכי מעצבן שקיים ברשת😮,False,[],,,,
UgzUD-X09rLy7tsxIJZ4AaABAg,"דתי בלי שקית ביד....
אתה ענקקקק
כחרדי עפתי על הומור שלך
כי קלעת
ואגב זה גם ערבם ככה😂😂😂",False,[],,,,
UgyYwO_XrJCc_6iCB7B4AaABAg,חחחחח אור את מוכשרת בכול מה שאת עושה זה  לא שאלה ביכלל גם עם זה מכוער זה כנראה טעים אני עוקבת מושלמתתתתת❤❤,False,[],,,,
Ugxw85F7WgKMQlYMJOh4AaABAg,"מעלפת אני אכין אלופת עולם❤❤🎉
אפשר גם לטגן?",False,[],,,,
Ugx_xcr_H8RN1GdzU0J4AaABAg,"יאווו אני מלוד ומכירה חלק מהילדות שהרביצווו ובשניה שראיתי את זה רציתי להרביץ להם
אלין את ילדה חזקה ופשוט אלופהה❤❤",False,[],,,,
UgzC_SNUvCcjmLxk0zB4AaABAg,אני יודע שזה מאוד לא פופולרי בלשון המעטה בישראל (או בהרבה מדינות אחרות) אבל אולי תכין אסקרגו?,False,[],,,,
UgzxQtQ1wGtaqmlE63R4AaABAg,מה עם ביצה? אני את הבצק שלי עושה עם טנזוג,True,"[{""span"": ""טנזוג"", ""aspect"": ""TECHNIQUE"", ""confidence"": 0.9}]",,,,
UgzD65nFBgWSu4ZdxtV4AaABAg,"אין עלייך קובי אבל תזכור ירושלים צהובה יעד חחחחחח
תמשיך ותצליח",False,[],,,,
UgxZ1vB87g2kovxGED54AaABAg,אין מה לעשות...אתה אלוף ההמצאות והבישולים. חודש טוב איש יקר.,False,[],,,,
Ugwn1bcxVxyhsXM8PYZ4AaABAg,ממרח פרווה .וחמאה להמיר במחמאה,True,"[{""span"": ""ממרח פרווה"", ""aspect"": ""SUBSTITUTION"", ""confidence"": 0.95}, {""span"": ""חמאה להמיר במחמאה"", ""aspect"": ""SUBSTITUTION"", ""confidence"": 0.95}]",,,,
UgyWBuVIKgdDuQ_v6Od4AaABAg,האמת חשבתי שהפסקת עם היוטיוב זה לא שולח לי הודעות שאתה מעלה סירטונים 😮,False,[],,,,
UgyLuINZ_tRnWt3oRQx4AaABAg,"תודה ,הלכתי לאכול סושי",False,[],,,,
UgxAXcTIf7qT0nCzOoh4AaABAg,למה אין בארץ פטריות אנוקי בארץ?,False,[],,,,
Ugyee0QayuxstGCIybV4AaABAg,כל הכבוד ❤❤❤❤,False,[],,,,
UgwEm0GmMlGgJFC5ZB54AaABAg,גם אני טיילתי שם אחרי הצבא לפני 24 שנה והייתי שם גם פעמיים נוספות לפני 12 ועשר שנים. זוכר את המאכל הזה 😀 מה שיפה שאתה אפילו משדרג אותו ברמות על 👑👌,False,[],,,,
UgxSY1raERsVGvbxgP54AaABAg,מושלם מהממת 👍❤😘,False,[],,,,
UgwXZY2FEqfs-cBpdft4AaABAg,"ניראה טוב.
והצבעים ממש טובים.",False,[],,,,
Ugydjfu4cHFHE5D10-54AaABAg,לני ככ מתוקהההההה,False,[],,,,
Ugzuo8SnjgRqiuKPxsh4AaABAg,אפשר לטחון פרגיות על השיש הזה? נראה לי יסדק...,False,[],,,,
UgwIHbhVxwoMJe2FlAZ4AaABAg,זיתים מכולענים🎉🎉,True,"[{""span"": ""זיתים מכולענים"", ""aspect"": ""SUBSTITUTION"", ""confidence"": 0.95}]",,,,
Ugxq79eIyxkb_IS3Ufl4AaABAg,בבקשה תעשה מתכון לפיצה ביתית,False,[],,,,
UgzptNwhskBEG6kAXlV4AaABAg,בטח אחלה סירים קיבלת בחינם,False,[],,,,
UgyNql20rw-G9xDxC0p4AaABAg,איזה חמודה חחחח🤣,False,[],,,,
UgwPVondTC5UhKoP4fx4AaABAg,אין עליך קובי❤,False,[],,,,
UgzmBqfcoohqMQ80NAV4AaABAg,אני נותנת לך בוקסים בפרצוף.אתה מתקרב אלי ממש מרגיש כאילו אתה בחוץ על ידי,False,[],,,,
Ugz26HP1cNr14oaB7MR4AaABAg,איך עושים חרם לילדה כזאת יפה ומהממת❤❤❤❤,False,[],,,,
Ugy30jw6aJt8D_nHwcx4AaABAg,התכוונת חרדי בלי שקית ביד כי אני דתי ולא חרדי,False,[],,,,
Ugx9zuGbMN5h1cQ5dYx4AaABAg,אין על המתכונים שלך מדוייקים וטעימים מאוד פשוט ואו❤,False,[],,,,
UgwGtsafWniHCjl4tkh4AaABAg,"עוגה טובה 💞
עשיתי אותה היום ומאוד אהבו אותה! 
לכבוד שבת קודש 😊תודה רבה!",False,[],,,,
Ugy4B0vAFG3WCEgm1OR4AaABAg,אפשר לעשות את זה עם עוד משהו?,False,[],,,,
UgzwNPBqNIaVT5a2duR4AaABAg,כן,True,"[{""span"": ""רק על הגז"", ""aspect"": ""TECHNIQUE"", ""confidence"": 0.95}]",,,,
UgwO0vxQQFEsMoeYx7p4AaABAg,יש לה פילטר על הפרצוף?,False,[],,,,
UgzR6PWSlo2NXLz8ODJ4AaABAg,בוקר טוב תודה על כל מתכון קליל ומנצח ❤❤❤,False,[],,,,
UgzrYD308KB8IaYw2Ol4AaABAg,"קודם ממש מתכונים מאלפים, מסורתיות ומקצועיות.❤
לדעתי:
טיגון הפלפלים/גמבה על גבי רשת מעל הגז, יותר נצלה יפה, איכותי בטעם, וגם 'כשרותי'..
🎉🎉🎉",True,"[{""span"": ""טיגון הפלפלים/גמבה על גבי רשת מעל הגז"", ""aspect"": ""TECHNIQUE"", ""confidence"": 0.95}]",,,,
Ugw7SqmO8NLuj4oMJrV4AaABAg,עשית לי תאבוןןןןןן,False,[],,,,
Ugy_omc9Tlrzk-scUDx4AaABAg,אם אני לא טועה קומפוט זה מילה טורקית וההשפעה הטורקית השתרעה על המון מדינות. בכל מקרה סבתא שלי בולגריה ואני גדלתי על קומפוט,False,[],,,,
Ugyo9v0izIGrW1nlHFB4AaABAg,שמע כמויות מלחיצות של אוכל! אני רוצה להיות חבר שלך גם!,False,[],,,,
Ugxh6atw5OljKFDWtdh4AaABAg,רק חסר כמה חתיכות בשר עם שומן כבש וזה מושלם,True,"[{""span"": ""כמה חתיכות בשר עם שומן כבש"", ""aspect"": ""ADDITION"", ""confidence"": 0.8}]",,,,
Ugwu-noemlz5HjGSiEZ4AaABAg,מה זההה ? מעניין,False,[],,,,
Ugz0A-4gZ8iRV5EuFVJ4AaABAg,"וואו את נהדרת!!!! רעיון לימים האלה
עוד משהו...את דתית? סתם סקרנית....",False,[],,,,
UgwJLyPYTePOUilX2aV4AaABAg,וואו לא ידעתי שיש ביפן מחירים כל כך טובים. 10 שקל למנה של אירה. בארץ יכולים למכור מנה כזאת ב50 אם לא יותר,False,[],,,,
UgwASJCSL8tCZ-LGY714AaABAg,אמאלה אני רעבה לפרצוף,False,[],,,,
UgxHiyIeXV9wd0cpnBF4AaABAg,תעשי סרטונים עם מאיה קיי,False,[],,,,
UgwxkxwQ01BbohjkwCJ4AaABAg,האם קיימת גירסה ללא גלוטן?,False,[],,,,
UgzyofDhFwAWoSKZOWh4AaABAg,מדהימה 😍😍 רפואה שלמה והחלמה מהירה יקירה ❤️❤️,False,[],,,,
UgxIMeYqPd2mglVQeC94AaABAg,אוממ אפשרי להחליף במירין,True,"[{""span"": ""מירין"", ""aspect"": ""SUBSTITUTION"", ""confidence"": 0.95}]",,,,
Ugy_T84wE1UaU70jjbd4AaABAg,🎉איך זה לא בשיתוף מזרח ומערב חפרת עליהם,False,[],,,,
Ugzdj0ozYaQ88atk7iV4AaABAg,נשמח למתכון נראה טעים,False,[],,,,
UgzBkI33uT2HJ92Yt-t4AaABAg,המון המון בהצלחה בבית החדש תמשוך לעשות טוב אלופים .❤❤,False,[],,,,
UgxnGk_WzNlseXoZS694AaABAg,"מהממת שאת. תודה רבה רבה את ממש נותנת מתכןנים מכול הלב תודה 
אפשר להשתמש בקמח תפוחי אדמה",False,[],,,,
UgxliKu0czkugvRI0-14AaABAg,"עוגיות נהדרות. 
אני כ""כ סומכת על המתכונים שאת נותנת. 
תודה לך טוני יקרה. 🙏",False,[],,,,
UgyYRCB-bOSubblh8RF4AaABAg,מרק תימני מרוקאי עצבני... חחחח... נראה מושלם מתכון אליפות,False,[],,,,
UgzCojk_DlFOfYuEOLN4AaABAg,"אחרי אין סוף טעימות במסעדות.אין כמו המבורגר שמכינים בבית .ואתה יודע מה היה הכי טעים שאכלתי בחיים?
בשר טחון רגיל מהשופרסל שומן אנטריקוט טרי למשל 300 גרם שומן על 700 בשר .יצא לי המבורגר שלא אכלתי בחיים שלי הייתי בשוק מהטעם .",True,"[{""span"": ""300 גרם שומן על 700 בשר"", ""aspect"": ""QUANTITY"", ""confidence"": 0.8}]",,,,
UgxLs_EAT1mkIa2FYZR4AaABAg,"מרכיבים... חמאה/מרגרינה טבעונית מיוצרת משמנים צמחיים (למשל קוקוס, זית), יש בה פחות אם בכלל חומרים משמרים, היא לא עוברת תהליך הקשחה כמו מרגרינה ויש בה פחות שומן טראנס.
פה השתמשנו בנטורינה קוקוס בטעם חמאה/רגיל, אני לא זוכרת בדיוק חח, אבל שתיהן מתאימות לכל מה שמצריך חמאה",True,"[{""span"": ""נטורינה קוקוס"", ""aspect"": ""SUBSTITUTION"", ""confidence"": 0.95}]",,,,
Ugx-XJp3H7IzTh0FIEd4AaABAg,אלופה  כל הכבוד  ❤🙏🙏,False,[],,,,
UgxBtpfT07s15ZYmMqd4AaABAg,וואי וואי אייך אני אוהבת עוגת פרג אחותי הכינה לי ואכלתי בלי לעבוד קשה😅הכי טעים❤❤❤❤,False,[],,,,
Ugyt0Y_ZaF-WQ_xzENd4AaABAg,מושלם מה גודל הכוס?,False,[],,,,
UgzEOUlBgQzcfkOc_s54AaABAg,כמה מים רותחים,False,[],,,,
Ugw7CfUVuyrIAIZEJid4AaABAg,"קובי מותק
אני מרוקאי
דרומי....
קצת מבין בחמין...
ואני מכין בעצמי
ואיך שהכנתה זההה ממש לא עצלנים נשמה
זה בדיוקקק המתכון לחמין צולנט הכי טעים שיש 
רק לשים הרבה נוזלים שלא יהיה כבד בגלל הקטניות ואני אוהב יותר סילאן",True,"[{""span"": ""לשים הרבה נוזלים"", ""aspect"": ""QUANTITY"", ""confidence"": 0.9}, {""span"": ""יותר סילאן"", ""aspect"": ""ADDITION"", ""confidence"": 0.9}]",,,,
UgzUR2_ZHJz6b2wwmg14AaABAg,אוהב חמין וגם לאכול במסעדהולבלות ולנסוע בתחבורה ציבורית בשבת. עם ישראל חי 🇮🇱🇮🇱🇮🇱,False,[],,,,
Ugy6U-kucGeLrH1SVYt4AaABAg,אין עליך דן! יא מלך,False,[],,,,
UgxTNGuQ20dFo5OFXhp4AaABAg,אתם מרגשים אותי,False,[],,,,
UgzLFLz2GKIDIUHyvil4AaABAg,אסור על הלשון חם מידי זה מסרטן חס וחלילה.....,False,[],,,,
UgxeposHrMRrsu2bCc14AaABAg,ריח זה לא טעם!,False,[],,,,
UgwW_mw0zvEAK5drGhZ4AaABAg,עדיף להוסיף כמה כפות מהרוטב לתוך כוס גדולה עם רסק העגבניות עד להמסה ולהוסיף לקציצות,True,"[{""span"": ""עדיף להוסיף כמה כפות מהרוטב לתוך כוס גדולה עם רסק העגבניות עד להמסה ולהוסיף לקציצות"", ""aspect"": ""TECHNIQUE"", ""confidence"": 0.9}]",,,,
Ugxe2MBUhjUy7noHEbB4AaABAg,מה זה קובה סיסקה,False,[],,,,
Ugz_W3Wk5b7iKJ_-JRZ4AaABAg,חסר שמנת חמוצה בצד,True,"[{""span"": ""שמנת חמוצה"", ""aspect"": ""ADDITION"", ""confidence"": 0.7}]",,,,
UgzxPvV5plTdk7Btwbx4AaABAg,"אישה מוכשרת ונעימה!!
👌❣️🤍❣️",False,[],,,,
UgzKTVzOQbPfU47hlPl4AaABAg,ניראה טעים מאוד,False,[],,,,
UgzSgWVhJVYnvNnMAAV4AaABAg,ואווווו אש הולכת לנסות..,False,[],,,,
Ugxmd2M-Bo7u2KIRV5B4AaABAg,תמיד עדיף עוגיות ביתיות...,False,[],,,,
UgyOtgUkhCVC8B2tsNF4AaABAg,יעבוד עם סלמון קפוא?,False,[],,,,
Ugy8z8KTk4gQR2I6Wip4AaABAg,מדהים איזה יופי של עוגיות תבורכי,False,[],,,,
UgxKu8CpDi0gqTwJXxF4AaABAg,אתה אומר 300גרם והמתכון רשמתה 500גרם ויש הבדל‼️,True,"[{""span"": ""300גרם"", ""aspect"": ""QUANTITY"", ""confidence"": 0.9}]",,,,
Ugwbmr0SJ-7tepfiR7N4AaABAg,כרגע לא מתאפשר אבל בהמשך כן מישהו יכול להזכיר לי את הסרטון הזה ב2028,False,[],,,,
UgzIAgRM0ln0fYxYtZB4AaABAg,יחסית קל...😂❤❤ נראה מעולה! מי זאת דודה אילנה?😂,False,[],,,,
Ugxm5pylbulQOkXC5e94AaABAg,באיזה גבינה את השתמשתי גבינה שמנת בטעם טבעי  איזה אחוז ؟,False,[],,,,
UgyF2bWLJzvXmVNel6N4AaABAg,איך לא הבאתם קפה איךךך,False,[],,,,
UgwN9qX3ygTNJHDpb5N4AaABAg,זה הולך פצצה עם קוסקוס מוכן אפילו התינוקות בני שנתיים אוהבים מוצלח !!,True,"[{""span"": ""קוסקוס"", ""aspect"": ""ADDITION"", ""confidence"": 0.8}]",,,,
Ugzop5ZgBmTEp4_JlYN4AaABAg,עכשיוווו אני הולכת להכין !!!!!😮ישלך לך ל׳היבה לא מוסברת !!🪬🪬🪬,False,[],,,,
Ugyd2P93dJUQjE4sq0F4AaABAg,"נשמע ונראה מעולה!!
כל הכבוד.
איזה סוג של נינג'ה צריך?
כל נינג'ה עם אפשרות עישון?",False,[],,,,
UgzLZES2XC-UprWUt4N4AaABAg,"קובי,תודה על מתכון לחג❤
שיהיה לנו חג שמייח❤❤❤",False,[],,,,
UgwhWCsReF4N_CfXYuJ4AaABAg,נראה טעים רצח,False,[],,,,
UgybbN6rpQMUmJkRDBt4AaABAg,אלוף יברכו ידיך,False,[],,,,
UgyCPi14vvQabuKf_jB4AaABAg,הכנתי יצא מושלם תודה אלופה,False,[],,,,
Ugxd9bo5Z2adtFx2_Lx4AaABAg,מטבח ממש יפה תהנו,False,[],,,,
UgzON6ZF04jEjxwo3CB4AaABAg,מאיפה חשבת על מתכון גאוני שכזה בעיניי?,False,[],,,,
Ugw-Hi_C8l6Kbz-Xp6x4AaABAg,אלוף🎉 אפשר במיקסר רגיל או שחייב מעבד מזון?,False,[],,,,
UgwmLA3yKT8xJhHug3V4AaABAg,נשמע טעים עוגת גזר ב1 בלילה,False,[],,,,
UgwO5dx0LGyV2J5bZVp4AaABAg,אפשר מתכון כתוב בבקשה,False,[],,,,
UgzUJV1Y-VpYKy8L0P94AaABAg,"מאמצתתתתת, רק שאלה מהקיפול  זה לא יוצא בצקי ?!",False,[],,,,
Ugz7mWnNGGj1PsBhzTV4AaABAg,תודה חן אוהב אותך ❤,False,[],,,,
UgwBfZWcfjVMqRpI0sF4AaABAg,מה עליך מגיע פסח ואלינו לא?,False,[],,,,
Ugy5TBnfmmZnLdAqI694AaABAg,"רפואה שלמה טוני אהובה
ה' יברך אותך❤❤",False,[],,,,
Ugxn4RubeaUH_Z3dIyZ4AaABAg,"ברכה לפני האוכל?
אף פעם לא מאוחר להתחיל. 
חזק ואמץ!",False,[],,,,
Ugx36AriJTwqQVGDdFd4AaABAg,אחלה משחקי השף,False,[],,,,
UgxDPC1EE8xK7O2vAx14AaABAg,זה חום לא שחור אתה עוור צבעים?,False,[],,,,
UgyGKW88Bmx8Zm_P5qF4AaABAg,אלוף המטבח אתה,False,[],,,,
UgwPYMZXujZmpAwctDF4AaABAg,חייב להכנס איתך שותף בפודטראק,False,[],,,,
Ugx-cCC9zJxsHs7rlMl4AaABAg,כןן בטח 😊,True,"[{""span"": ""עם פסטה"", ""aspect"": ""SUBSTITUTION"", ""confidence"": 0.95}]",,,,
UgxFE2DD4CaQkD5afCF4AaABAg,"מעולה!!
בדיוק ראיתי
שקניתי כמות כפולה
של 🍠 בטטות:))
יאמייי! תוספת טעימה!",True,"[{""span"": ""כמות כפולה"", ""aspect"": ""QUANTITY"", ""confidence"": 0.9}]",,,,
Ugy_Yh9IINddr1uddex4AaABAg,"מאק אנד צ׳יז מכינים עם רוטב בשמל (כמו בסרטון) ומוסיפים גבינות נמסות. זה לא משנה איזה גבינות, על בסיס בשמל זה מאק אנד צ׳יז.",True,"[{""span"": ""מאק אנד צ׳יז מכינים עם רוטב בשמל (כמו בסרטון) ומוסיפים גבינות נמסות"", ""aspect"": ""TECHNIQUE"", ""confidence"": 0.95}]",,,,
UgyDT4hkxU6KE15AiCR4AaABAg,קטנים ומגניבים 🎉,False,[],,,,
UgyD7xYftJwbDmiXxY94AaABAg,"אצל ליהי
כל מתכון הוא שיר הלל!
נשאר רק לא להתעצל!!!!!",False,[],,,,
UgzmWyK87kdV0SNNEth4AaABAg,כל מתכון הוא מיוחד אין עליך❤❤❤,False,[],,,,
UgzrE8S6Hp5j2BdUof14AaABAg,פצצה תודה רבה נענית לבקשתי,False,[],,,,
UgyUQcmatvMeNIuuPK54AaABAg,זה הכי מגיע לך,False,[],,,,
UgxzxZ2lzcSL2TisHfd4AaABAg,שני אבל למה לא במקום 37 67,False,[],,,,
UgxYapnqU_JxnWXz26x4AaABAg,מתכון יתקבל בברכה,False,[],,,,
Ugzl4f1dry7p2JecvBB4AaABAg,"אהובה ואלופה, תודה רבה לך❤",False,[],,,,
UgzJjQWFsjv2XpYdUVp4AaABAg,אשרייך יאלופה בגדים מעלפים ❤,False,[],,,,
UgwCjPaFhwAjroQ4eXp4AaABAg,אתה יכול לעשות סרטון עם msg?,False,[],,,,
UgxeFjL9OUzAPXffU294AaABAg,סוף סוף בית חדש!!!,False,[],,,,
UgzqPm3YlhtmMiUapzR4AaABAg,מה עם אבקת שפים,False,[],,,,
UgxkUyh9CU5RoS5O4gB4AaABAg,ניראה אש חייב לנסות להכין תודה אלופה,False,[],,,,
UgyDZiqL4i_ERMHE3MJ4AaABAg,הזמנתי מקווה שאפשר להשתמש עם גחלים שלנו גם וגם זה מגיע עם תיק  נכון?,False,[],,,,
Ugx1cwauDiwAw6W0uT54AaABAg,בשלנית ואופה מספר אחת👍 חג שמח ושנה טובה לך ולמשפחתך היקרה  ❤️❤️❤️,False,[],,,,
UgzgRVVHyCgUr94icbx4AaABAg,התקלקל. לא רואים את ההכנה עצמה.....,False,[],,,,
UgzeUjgDdVgYPAFP9CZ4AaABAg,כל הכבוד❤ ואין עליו 😊 כל הכבוד לו על הידי הזהב שלו ❤❤❤ לדודו חמיך,False,[],,,,
Ugxgz01V54foCFSTUxp4AaABAg,"נטורינה זה לא מרגרינה, זה על בסיס שמן קוקוס, אי אפשר להכין עוגיות עם שמן",True,"[{""span"": ""נטורינה"", ""aspect"": ""SUBSTITUTION"", ""confidence"": 0.9}]",,,,
Ugw-ClvYYxGIXJhuCK94AaABAg,חחחח למה אתה יכול לראות אותה ישנה?,False,[],,,,
UgxH0RdRktYgpDqoHO14AaABAg,"טוני היקרה ❤ פשוט מדהים! 
רפואה שלמה ובריאות איתנה 🙏",False,[],,,,
Ugxyah8HPOdeCa9fqQV4AaABAg,"בהחלט ניתן . אותו חום בערך 35-30 דקות 
.הכי חשוב לבדוק עם קיסם .",True,"[{""span"": ""תבנית אינגליש קייק"", ""aspect"": ""TECHNIQUE"", ""confidence"": 0.95}, {""span"": ""35-30 דקות"", ""aspect"": ""QUANTITY"", ""confidence"": 0.95}]",,,,
Ugw7JaUTiKFsz5FWTb54AaABAg,ואוו אני רץ להכין 🤤,False,[],,,,
Ugx7gMPVYfmyr0eD5T54AaABAg,לא קשה אבל אנחנו עצלנים מה לעשות,False,[],,,,
UgxfkMRktR1yKLsodIh4AaABAg,נראה מעולה ובטוח טעיםםם.  אפשר מתכון תודה. ❤,False,[],,,,
UgzdPE46e-YENiqoiOZ4AaABAg,"ראשונה
וואו מושלםם❤",False,[],,,,
UgzIESFdClkJWG7cTCJ4AaABAg,"מושלמת 
כול הכבוד לך❤",False,[],,,,
UgyRTOQSWZ8gyO7dVb94AaABAg,"ההמבורגרים נראים אליפות
הסלטים על הפנים!",False,[],,,,
Ugzd6mqlRB-M8OGq_6V4AaABAg,ביקורת לא אמינה.. לא נהנית מהטעם שיצא לפיקניה ורואים את זה,False,[],,,,
Ugyp4cn-qzfB5mJ0etB4AaABAg,"וואו...כל הכבוד סיון 🙌🌼🙌🌼
נראה נהדר....💛🩷",False,[],,,,
UgyzhdTEdeK5G-hJmXx4AaABAg,פשש דן אתה מחליף בחורות כמו גופיות יא ערמומי,False,[],,,,
UgwJVvda3S4C5OGzqTp4AaABAg,שומע ימלך אם אתה צריך עזרה בלסיים אוכל... צלצל אלי,False,[],,,,
UgyOJzuWJLia3wXW6Hp4AaABAg,אין עליך קובי  אני מקווה שלא קשה גם לאשתך שנעלמה מהמסך פשוט אתם מקסימים יחד השם ישמור אתכם,False,[],,,,
Ugyrn1jWfj0BIkhVnl54AaABAg,אמא שלי הייתה סוחטת לימון 🍋 בתערובת של המחאמר,True,"[{""span"": ""סוחטת לימון"", ""aspect"": ""ADDITION"", ""confidence"": 0.9}]",,,,
UgznLJj_o6pAKkh_1g14AaABAg,"וואוווווו ניראה אשששששש
אלוף❤❤❤❤❤",False,[],,,,
UgwQdqWx4Nq4IWxjaQR4AaABAg,נראה טעים ומגרא,False,[],,,,
UgyWxQaP3AnxjmgrAVd4AaABAg,אפשר עם בצק פילו עם כן הסבר בקשה פשוט רציתי להכין❤❤❤❤❤❤❤,False,[],,,,
UgzWZTXIKq2FxMgh7y94AaABAg,"היי חגית.
אפיתי את העוגה לרגל יום ההולדת של הנכד בגןת
עוגה מושלמת וטעימה מאד וכמובן קלה להכנה. כל הכבוד",False,[],,,,
UgxhxfqQbsRST63SiQ54AaABAg,"חזה (בריסקט)!!!! 🙏 חוץ מזה, תודה רבה!",False,[],,,,
UgyZMWl2c0xp-x1FaRp4AaABAg,"ביג דן,אתה אחד הבשלנים הטובים! 
נראה טעיםםם!",False,[],,,,
UgysI5IqqCVuxD5bMuZ4AaABAg,"וואו נראה מעולה! 
אשמח מאד לדעת איפה קונים את הבשר? 
ואם אפשר להשיג עם הכשר מהודר.
תודה רבה על המתכונים והסירטונים 🌺",False,[],,,,
UgznNcGN8QCrzEtZJK14AaABAg,"איזה בנים❤ בלי עין הרע ,אשריי האמא שככה לה,❤",False,[],,,,
UgxK8ZUW8QTmjFusyXt4AaABAg,אלופה הסבר מדהים ומובן❤,False,[],,,,
UgwcvCtnU7NZoWZOsn14AaABAg,מס 1 הסרטוני הבישול בישראל - אין עליך,False,[],,,,
UgzOz24QdDj5zc-OZrt4AaABAg,הרעיון למנה חדשה הגיע מבנה הבכור. היא רצתה לתת לו אוכל מגבר יהודי או מבעלה.😊,False,[],,,,
UgzmPG0yQrAAEqldSm54AaABAg,מתכון בבקשה וקישור כל הכבוד,False,[],,,,
UgxampeGVnWlTJQ2_4x4AaABAg,אצלנו מוסיפים אפונה,True,"[{""span"": ""מוסיפים אפונה"", ""aspect"": ""ADDITION"", ""confidence"": 0.95}]",,,,
Ugxh3_9z6AR1TfhgUJh4AaABAg,מתי תבשלו עים אמא?👸🥰,False,[],,,,
UgyZQc5gN2XRxsL01ol4AaABAg,תודה רבה על הסירטון❤,False,[],,,,
Ugyrn1jWfj0BIkhVnl54AaABAg,נכון גם אמא שלי וגם מוסיפה אבקת שפים🎉🎉🎉,True,"[{""span"": ""אבקת שפים"", ""aspect"": ""ADDITION"", ""confidence"": 0.95}]",,,,
UgziDLJd2bOSvZOSFQl4AaABAg,באמת עדיף לשים רסק מהתחלה חלק קציצות אים רסק חלק לא עדיף מהתחלה,False,[],,,,
Ugw-k9Ktrf-loztMEd14AaABAg,"אם עוד בן אדם אחד פה מתבכיין על הבדיחה בחיי איזה ממורמרים מסכנים חסרי צחוק אתם, בתור דתי אני אומר לכם שחררו רגע תוציאו תמקל מהתחת לפני שאתם רצים להתבכיין בכוח בתגובות",False,[],,,,
UgxxDFig7c6s8zlClvJ4AaABAg,מהממת את!!!! ומהממים המתכונים שלך!! אלופה. אבל זה *חמישה* סוגי עוגיות❤😊 (ולא חמש..),False,[],,,,
UgzoZVIaMYzjlGWew5p4AaABAg,רואים את האהבה שקיבלתם בבית. ווייבים נהדרים❤,False,[],,,,
UgzXSkChOdLsTRYP3UJ4AaABAg,יש אפשרות לשים קמח ללא גלוטן? בדיוק נשארו לי כמה בטטות וזה נראה מתכון ממש מעולה לזה :),False,[],,,,
Ugy5LQbRRXN7jr8wKsZ4AaABAg,טסת לבד ?,False,[],,,,
UgygLBIbPcDlK6ljKj14AaABAg,אני מתה אלחה,False,[],,,,
Ugy9VcveNtXeQwMx5Wt4AaABAg,פאק למה אני צופה בזה בשעה 4 בבוקר,False,[],,,,
UgzNdbGU_iM4TRJOPPp4AaABAg,"וווואוווו שירנוש
שחיתות❤",False,[],,,,
Ugy3tY1_1lK76ANaaFh4AaABAg,אלופה כמה סבלנות❣️❣️,False,[],,,,
UgwIWI16OvmW2D8ByvB4AaABAg,אז אפשר לא לשים. מה שאת אוהבת.,True,"[{""span"": ""לא לשים"", ""aspect"": ""SUBSTITUTION"", ""confidence"": 0.95}]",,,,
UgwVD2aRj57gkHtAJEB4AaABAg,מוערך שהעילת למרות הצינון💪,False,[],,,,
UgxMCYBuDUd8LkkxuFF4AaABAg,נעים לשמוע אותך,False,[],,,,
UgyAyu6RmsgvmQGwhuR4AaABAg,"1. האם אפשר להחליף חומץ במיץ לימון?
2. מה דעתך על רוטב פסטו עם הבשר?",False,[],,,,
UgyJSAFZwkOh_7lA88F4AaABAg,תקשיבי  את אלופההה,False,[],,,,
UgyWuT-O_RHFCiTHv5l4AaABAg,"אלופה❤❤❤
בע""ה בקרוב תראי ישועות😊",False,[],,,,
UgxUlX7LhKE0BeO_2vJ4AaABAg,ערב טוב חגית יקרה!!כמה קמח לפי כוס חד פעמי ניכנס בבצק?תודה 😍,False,[],,,,
UgwXb00wpaRhRLbL9mR4AaABAg,איזה סיבה יש לי להוציא כל כך הרבה כסף על פרגיות מכונות וקולגן אם אני קונה חבילת נקניקיות ב10 שקל😂,False,[],,,,
UgzchaZzQfROQ7BslC94AaABAg,"ביג דן לפני כמה שנים רשמתי לך אם תוכל להכין מתכון עם שוק אווז הגבת לי ״ נוסף לרשימה ״ ועדיין לא הכנת 
אשמח אם תכין לדעתי זה חומר גלם מעניין מאוד",False,[],,,,
UgzCPnorM3px3f8MiZN4AaABAg,ואוו מתכון מעולה הכין בקרוב בעזרת ה ומקווה שתשתף אותו ביותר מתכונים לפחות פעם בשבוע,False,[],,,,
UgyhXmAh_1eC3YO8YDV4AaABAg,לא חמוץ עם כל הלימונים האלה?,False,[],,,,
UgwG4_1bJPr6tmXuAah4AaABAg,מושלם ומתכון קל❤,False,[],,,,
UgyrGwlUabljdLB3lzB4AaABAg,"מהמם שירן,
את מפתיעה כל פעם מחדש  ביצירתיות שלך..

ממש מוכשרת ברמות..
עלי והצליחי..❤❤",False,[],,,,
Ugws7e5NTUhOWtLecSB4AaABAg,David הגיע לישראל...,False,[],,,,
UgzePQyC122MhXj31a54AaABAg,המסקרה   לעניים  החדשה    שפירסמתם פה,False,[],,,,
UgzPMa7vdJJbN9rvkvt4AaABAg,"תודה רובי
כמה זמן בערך הנקניקיות צריכות להיות בתנור הבנתי שעד 65 מעלות בפנים כמה זמן זה לוקח בערך חצי שעה? שעה? יותר?",False,[],,,,
UgzX33H4-Yj1T3IIUwp4AaABAg,טעים טעים...אבל ללעוס בשקט!,False,[],,,,
UgwfUGVDCtd_5CRNFOh4AaABAg,תותח תותח אחלה שבת נשמה מלא אהבה 🎉🎉❤❤,False,[],,,,
Ugwx5Vs-y_ad6Qdkip94AaABAg,העתיקה תמתכון מתמר.,False,[],,,,
UgwtmnX8Q9h1H-LGUHN4AaABAg,"נמאס לי מהצעקות שלך, נמאס לי שאתה טוען שאנו עצלנים נמאס לי מכמויות הבצל",True,"[{""span"": ""פחות כמויות הבצל"", ""aspect"": ""QUANTITY"", ""confidence"": 0.85}]",,,,
Ugxt-BonnRbVqwZDM094AaABAg,מתכון לבצל מקורמל,False,[],,,,
Ugz_LYKF6-VE19jBbdh4AaABAg,"כן, ננסה. תמשיך לתת טיפים. תודה. ❤",False,[],,,,
Ugy3ePlAA9lJ6s2t6Id4AaABAg,יברכו ידייך אמן ואמן ❤❤❤שנה טובה וחג שמח לך ולכול משפחתך היקרה אמן ואמן ❤❤❤❤,False,[],,,,
Ugx_MxI0wtBF9Nhlg7R4AaABAg,מאיפה הבאת דייקון?,False,[],,,,
Ugwkjz5VGomdgUI1Ooh4AaABAg,היית לך סערה על הבצק שרידדת,False,[],,,,
UgxIX1s6DMtlwhxIpfB4AaABAg,זה כבר כן קשה,False,[],,,,
Ugy-lt8KYWgKtEVoHXF4AaABAg,הכנתי את זה זה ממש טעים ❤,False,[],,,,
UgwlZvVHsYTZgf9MXuJ4AaABAg,סוףסוף! התגעגענו ❤❤,False,[],,,,
Ugzosh7y5-5lL46nNrl4AaABAg,הראשון בבידור ובבישול זה אתה . ❤,False,[],,,,
UgyLdKJh4OR3PFEaiux4AaABAg,40💗,True,"[{""span"": ""40"", ""aspect"": ""QUANTITY"", ""confidence"": 0.95}]",,,,
UgxIXV_hifHHlCDzJ3Z4AaABAg,הכנתי את העוגה יצא סוף רכה וטעימה תודה רבה רציתי לשאול אם בתבנית שאת מכינה אם חייבים להקציף ביצים או אפשר גם בחושות תודה ושבת שלום,False,[],,,,
Ugxf2YJBo2MUHrYo1mp4AaABAg,מקצוען אמיתי 😊,False,[],,,,
UgyhyosTk6NdgGD9_xB4AaABAg,"רפואה שלמה בע""ה 🙏",False,[],,,,
UgyNxC4oh84NonVmn6N4AaABAg,"חחח, אתם קורעים בלי קשר למתכון",False,[],,,,
UgyxRE-5q8Gy_at7hIJ4AaABAg,מתכון לבצק? איפה אפשר לראות? תודה רבה❤,False,[],,,,
UgwXSr5Fb4NsWt8xWPd4AaABAg,אן מצב שיצאו לנו ספינג כמו שלך חבל שאת לא עושה מישלוחים,False,[],,,,
Ugwz-rkyAbkLNEJ7HZd4AaABAg,תאמין כל כל חבל שאתה מעלה סירטון פעם בחודש,False,[],,,,
Ugz-rNJDeWh62utxrSJ4AaABAg,שבת שלום ומבורכת לכול היהודים ועם ישראל אמן ואמן ואמןןןןןןןןןןןן ובשורות טובות אחלה קובי אדרי 🤩🤩🤩🤩🙏🏼🙏🏼❤️❤️👑🇮🇱,False,[],,,,
UgwKK9wg5SUPcPmrBQF4AaABAg,"חובה לסנן.

אפשר במיקסר כן עם וו גיטרה.
לאחר ערבוב יסודי יש לנקות את הדפנות עם לקקן ושוב להפעיל.
אם עדיין יש גושים לחזור על הפעולה עד למרקם חלק.
בסוף חייב להעביר דרך מסננת לתבנית.",True,"[{""span"": ""אפשר במיקסר כן עם וו גיטרה"", ""aspect"": ""TECHNIQUE"", ""confidence"": 0.85}, {""span"": ""לאחר ערבוב יסודי יש לנקות את הדפנות עם לקקן ושוב להפעיל"", ""aspect"": ""TECHNIQUE"", ""confidence"": 0.85}, {""span"": ""אם עדיין יש גושים לחזור על הפעולה עד למרקם חלק"", ""aspect"": ""TECHNIQUE"", ""confidence"": 0.85}, {""span"": ""בסוף חייב להעביר דרך מסננת לתבנית"", ""aspect"": ""TECHNIQUE"", ""confidence"": 0.9}]",,,,
UgztKIzb30gfiq6WzJB4AaABAg,tאם תמשיך כך עוד שנה אתה הולך ךסתום לך את העורקים בשומנים וההמשך ידוע תזהר לך אדם יקר מכל השומנים והסוכרים,False,[],,,,
Ugzz-d7KahEwtSGWcCx4AaABAg,איזה מניאק מגרה,False,[],,,,
Ugz4EDW2XvqtcqReGcB4AaABAg,איך אהבתי אותך בבייקאוף,False,[],,,,
UgxycAlYdR8IvSqTBTR4AaABAg,אם זה לא נישרף אז מה זה שהיא כן נשרפת?,False,[],,,,
UgwqH2AisnvAUwyRmn54AaABAg,"סיון...המאפים נראים מעולים..
מצויינים גם לאירוח.🎉🎉
תודה רבה וחודש אלול שמח 🙏🙏",False,[],,,,
UgyGZdNIKiTpPJTdcB94AaABAg,"שאלה
   כוס  יונברסלית זה מדד של 250 מ""ל!
תודה רבה",True,"[{""span"": ""כוס יונברסלית זה מדד של 250 מ\""ל"", ""aspect"": ""QUANTITY"", ""confidence"": 0.95}]",,,,
UgxBdz7hc8zWBO9Mz714AaABAg,שום עוגיה לא נראית טעימה,False,[],,,,
UgzL9NtmCwzjidmgb2x4AaABAg,פעם הבאה צדיק לברך שהכול כל העוף ואדמה על הירקות מזונות כל האורז,False,[],,,,
UgyULbRdqLdejUMNZKZ4AaABAg,לדעתי כן😁,True,"[{""span"": ""קמח עדשים"", ""aspect"": ""SUBSTITUTION"", ""confidence"": 0.95}]",,,,
UgxCsP01v9uxNOejSHZ4AaABAg,מה שמוזר שפעם הערמונים הגדולים שהיינו ילדים זה היחידים שהיו בארץ והם היו מתקלפים בקלות לא כמו היום,False,[],,,,
UgzbNr4jwoH2Og5luyd4AaABAg,אפשר לנסות גם עם תחליפי חלב,True,"[{""span"": ""תחליפי חלב"", ""aspect"": ""SUBSTITUTION"", ""confidence"": 0.95}]",,,,
UgwN3YI3bCMKJLmluiJ4AaABAg,ורק על הטבית לא דיברת,False,[],,,,
Ugy8wrdTTY9qXv8VM3h4AaABAg,"תודה על התוכן!
בוא נאתגר אותך
איך מכינים את זה צמחוני?",False,[],,,,
UgynTUhrTVsAAIs6iJd4AaABAg,"אלופההההה ❤
את הכי יפה כשאת צנועה, בכללי - כל אחת יותר יפה ככה",False,[],,,,
UgwlG74PvbCD4ibVDDV4AaABAg,עוגה כשרה לפסח,False,[],,,,
UgzQ6RMYmdxX4pj2qhN4AaABAg,אתה לא במקרה קרוב של רון קובי?!,False,[],,,,
UgyyVglskOnQKDLVCtd4AaABAg,"נראה אחלה, רק שבצל טרי לא אוכלים לאחר כמה שעות אלא מיד.",True,"[{""span"": ""בצל טרי לא אוכלים לאחר כמה שעות אלא מיד"", ""aspect"": ""TECHNIQUE"", ""confidence"": 0.9}]",,,,
Ugw7oiJgfI3flxxCjKZ4AaABAg,לא יפה לשקר  ^^^^^^^,False,[],,,,
UgwKUVCJBwD8LIkjrxB4AaABAg,לך למטבח עדיף 😅😅 חחח יש מתכון חדש ?,False,[],,,,
UgyuVVhhnSmwsCvqRup4AaABAg,נראה מושקע וטעים 🇮🇱🇮🇱🇮🇱🇮🇱🇮🇱🙏🏼🙏🏼🙏🏼🙏🏼🙏🏼🙏🏼🙏🏼🙏🏼❤️👑,False,[],,,,
UgzHdjzeiiDrl4YkC-14AaABAg,דוקטור help me ❤❤,False,[],,,,
UgylpFYE2sZSoxV9ghN4AaABAg,👍👍👍 עוגה אהובה עליי,False,[],,,,
UgznWgRTS18sWcjEHS94AaABAg,אשריייך אשרי חלקייך יבת של מלך 👑🙏 יצדיקה אשריינו שזכינו ישתבח 🙏 שמו לעד  מדהימה מקסימה כן ירבו כמותך יקירה שלי 🙏👑🌹🫶♥️🙌🇮🇱🙏👑🌹🫶♥️🙌🙏👑🌹🫶♥️🙌🇮🇱,False,[],,,,
Ugy_ej1qbiCziah9FI14AaABAg,"היי שירן מגיל קטן אמא שלי קוראת לי אביר
ובמקרה יש לי סוס לבן אז אם בא לך לשבת לדייט הקפה עלי העוגה עלייך 😅",False,[],,,,
Ugx8mqs_A_3PXsng4FN4AaABAg,רולים גדולים היום עולים כבר 60 אם לא 70..,False,[],,,,
UgzwE8xWpsGOe8JydSt4AaABAg,"אין מה שיכול להחליף את הביצה . אם את רוצה יכולה לוותר על הציפוי הקיים  ולהכין הדג בטמפורה 
¾ כוס קמח 
⅗ כוס קורנפלור 
בירה לבנה עד קבלת מרקם דומה לטחינה 
בערך כוס פלווס מינוס. יכולה להוסיף תבלינים כפי שאת אוהבת .
המרקם  מעט שונה אבל טעים",True,"[{""span"": ""לוותר על הציפוי הקיים  ולהכין הדג בטמפורה"", ""aspect"": ""TECHNIQUE"", ""confidence"": 0.85}, {""span"": ""¾ כוס קמח"", ""aspect"": ""QUANTITY"", ""confidence"": 0.85}, {""span"": ""⅗ כוס קורנפלור"", ""aspect"": ""QUANTITY"", ""confidence"": 0.85}, {""span"": ""בירה לבנה עד קבלת מרקם דומה לטחינה"", ""aspect"": ""QUANTITY"", ""confidence"": 0.85}, {""span"": ""תבלינים כפי שאת אוהבת"", ""aspect"": ""ADDITION"", ""confidence"": 0.85}]",,,,
UgxzZNTA2TqNRcmbEfh4AaABAg,"איך אני יכול להגיע ללוח הכבוד?

סרטון חבלז כמו תמיד 🤘🏻",False,[],,,,
Ugy6gkSsXzFyRNxnxql4AaABAg,גם בשלן וגם מצחיק ❤,False,[],,,,
UgyRcZneqYslCRBcMs94AaABAg,"ברוכה הבאה.
🥚🫓🍳🫔🥙
נועם.",False,[],,,,
UgwQX7_faQZJEuX_RP94AaABAg,גאונה❤❤ הולכת להכין😋,False,[],,,,
UgyOw8vii8808euPC2t4AaABAg,"מתכון מושלם לחלות מתוקות.🎉
נהדר להכנה בחג ❤
תודה רבה סיון 🙌",False,[],,,,
UgxYxkq0lUr_fmw9H4h4AaABAg,ל השני מחבתות? מה זה נותן? תודה,False,[],,,,
UgyJ1IEZyocZE_mJem14AaABAg,אפשר מתכון כתוב כמויות של הבצק והגבינות,False,[],,,,
UgzWC1bpAybg1CoYuXd4AaABAg,"גם כוס וחצי סוכר, גם כוס מייפל, גם כפית תמצית וניל... זה המון המון המון סוכר",True,"[{""span"": ""המון המון המון סוכר"", ""aspect"": ""QUANTITY"", ""confidence"": 0.8}]",,,,
UgyzFY8HGm1iRTNTG5N4AaABAg,@thsbigden כן..בדיר אל אסד יש גם דבאח אני קונה בעין המפרץ אבל מניח שזה אותו דבר..הבעיה שם שאפשר לקנות רק בכמויות מסחריות יחסית..ובסוף זאת רשת..אתה לא קונה מקצב,True,"[{""span"": ""לקנות מקצב"", ""aspect"": ""SUBSTITUTION"", ""confidence"": 0.8}]",,,,
Ugx1VQ45Lsx_kxxh9Uh4AaABAg,אפשר גבינה חמש אחוז במקום 9?,True,"[{""span"": ""גבינה חמש אחוז"", ""aspect"": ""SUBSTITUTION"", ""confidence"": 0.95}]",,,,
UgxA_ZUwYLKp8B1HkFZ4AaABAg,וואלה יותר יפה של שסע,False,[],,,,
UgzmyKNSGdF9LAKyzrZ4AaABAg,"אפשר בבקשה מתכון לקובה ?
האם אפשר לשים את זה על הפלטה של שבת כחמין?   תודה ❤🙏🙏🙏",False,[],,,,
UgyDZMUTusOppuuifW94AaABAg,כתבת שלפני הרידוד יש לקמח את המשטח ובפועל את דווקא משמנת.....אז מה הכי נכון...לקמח או לשמן?,True,"[{""span"": ""לקמח את המשטח"", ""aspect"": ""TECHNIQUE"", ""confidence"": 0.8}, {""span"": ""משמנת"", ""aspect"": ""TECHNIQUE"", ""confidence"": 0.8}]",,,,
Ugw-GPz5WQv7hdbrguZ4AaABAg,השם ישמור אותך צדיקה❤❤❤,False,[],,,,
UgxinlySD2gfeE1LlX54AaABAg,"תוסיפו ל1- ק""ג קמח 1 כף גלוטן ו1 כף משפר אפיה ותראו איזה הבדל הצלחה בטוחה",True,"[{""span"": ""1 כף גלוטן"", ""aspect"": ""ADDITION"", ""confidence"": 0.9}, {""span"": ""1 כף משפר אפיה"", ""aspect"": ""ADDITION"", ""confidence"": 0.9}]",,,,
UgwyMAmJIOwvmujnrpF4AaABAg,"אלופיםםם
איזה תנור נקי!
איך את ם מנקים?",False,[],,,,
UgxnHwx2kqHxwNu6tkV4AaABAg,וואו איזה גאון!!!! הילדים התחננו לקובה אבל אין לי סיכוי תודההההההה❤,False,[],,,,
UgywT_L9zKbTjEPI3K54AaABAg,יואו איך אני מחכה לולוג גם עם אירה!! ככה הכרתי אותך ואת הערוץ המהמם שלך,False,[],,,,
UgxMO2ZIDLIJwpjKecp4AaABAg,את אלופת האלופות !!!! אחת יחידה ומיוחדת במינה. שפע בריאות משמיים אמן. ושתחזרי לאיתנך כבראשונה אמן,False,[],,,,
Ugxxk7VbhlabF7kzvKx4AaABAg,והתבלין הראשון זה פלסטיק. חוץ מזה אחלה תוכן.,False,[],,,,
Ugw1o8TuHAJ3hWJTW7d4AaABAg,אחלה סרטון וכן הייתי שמח שתעשה מתכון לאגרול סיני קריספי  כמו שבמסעדות מתכונים לאגרול סיני יש אבל קריספי כמו של המסעדות אני חייב לדעת איך הם עושים את זה כזה טוב❤🙏💗,False,[],,,,
Ugx5Mg0MxyTuXMtIRx94AaABAg,"אין עליך שף, כבר מאמצת  את המתכון ומכינה אנטיביוטיקה",False,[],,,,
UgxzgdFDh0evPfvV4y94AaABAg,❤אפשר קישור בבקשה,False,[],,,,
Ugxos-GTkF8V-z4bnsd4AaABAg,"מישהו פה ניסה בכלל את המתכון הזה? נכון שהג'חנון נראה טעים מאוד, אבל לפי דעתי המתכון לא נכון",False,[],,,,
UgwtFfanBlEPuqLxcIV4AaABAg,"תודה רבה חגית💜
מתכון מושלם.... אלופה",False,[],,,,
UgwyA3oksKP6AS2g9md4AaABAg,נראה טעים מאוד😍 אך היכן רשימת המרכיבים?,False,[],,,,
UgzltyAzkYcwRjTibg14AaABAg,היי. אם אני רוצה במקום אבקת סוכר לשים תחליף סוכר סוויטאנגו. כמה לשים? ובתבנית עגולה גבוהה זאת עם הרגלים. מה כמותהמיצרכים המדוייקת? תודה רבה,False,[],,,,
Ugx4BRRxPNK4IsJcWu94AaABAg,כבר אהבתי את מה שהכנת❤ ואת מסבירה ממש טוב ❤🎉,False,[],,,,
UgyzIk4lW0NMMYJn8o14AaABAg,טוני תבורכי בכול הברכות הטובות חודש טוב מלא בניסים וישועות  חג שמח יקירה ❤,False,[],,,,
UgwYx7jJq4woKXK936p4AaABAg,"בס""ד
אני אוהבת אותך נשמה ואת כל בנות ישראל ❤❤❤❤❤
בת הקב""ה את.
תבורכי בכל דבר ועניין אמןןןןןןןןןןן ואמןןןןןןןן",False,[],,,,
Ugxn5UfdshI6FOJ1mtN4AaABAg,אתה פשוט אלוף האלופים אין עליך❤❤❤❤❤❤❤,False,[],,,,
UgxDTOgUF6CUPaEoQeB4AaABAg,ככה  הכי  נכון  להכין  ספינז,False,[],,,,
UgyLdzZbVOyzAKAfgJN4AaABAg,העיקר שהבצק מעולה,False,[],,,,
Ugz5gQhgNaSxnJ42JCl4AaABAg,תשמעו לי לאיילי ביירות עם שוקולד קוקוס ומנגו זה שילוב מן השמיים 🌈✨,True,"[{""span"": ""שוקולד קוקוס ומנגו"", ""aspect"": ""ADDITION"", ""confidence"": 0.9}]",,,,
Ugy4YJ206LzTylFMzAB4AaABAg,"קובי  מה מקסימום ק""ג קמח אפשר לשים במקסר? ומה מקסימום ק""ג בצק?",False,[],,,,
UgyFfu8Nc-6-v40Wjax4AaABAg,אישה נהדרת וחרוצה. אוהבת את הניכיון ❤❤❤🎉😊,False,[],,,,
UgzTrKqwl9_c50nmEr54AaABAg,"היחיד שהצליח להסביר את המתכון הזה הכי קל, הכי ברור - זה אתה! תודה!!!! למדוייקים... איך מכינים לבד את הטמפורה?",False,[],,,,
Ugx2Xg-Cy8TyoJjEC7V4AaABAg,את אוהבת מוגזם😮,False,[],,,,
UgzOY9OfEGzlrK6uUFZ4AaABAg,את יכולה פלפל שושקה מאמי,True,"[{""span"": ""פלפל שושקה"", ""aspect"": ""SUBSTITUTION"", ""confidence"": 0.9}]",,,,
UgwMd1CHe8NS7deWh_V4AaABAg,מאיפה קנית תדג!!,False,[],,,,
UgzBGmtTAtH6VrxpWN54AaABAg,ניראה טעים❤ אבל איזה קמח ?,False,[],,,,
UgyE7aEiVUYc3uOyRVl4AaABAg,ולאד המלך 🎉,False,[],,,,
Ugxf4LuLzVO2hCc2CON4AaABAg,"מושלם
כל מה שאת עושה יוצא מטורף🎉",False,[],,,,
Ugzt0g1AtHhv1J_udA54AaABAg,באיזו מחית פיסטוק השתמשת?,False,[],,,,
UgyYw6gCez6f3nlHjrV4AaABAg,החומוס יצא נהדר ❤❤❤,False,[],,,,
Ugwdy94gCKkcxLHnV6p4AaABAg,"מדהימה!
תודה רבה ושבת שלום ❤",False,[],,,,
UgyOXAIy4rRT4qHI7v54AaABAg,יחס של 80:1 פחמימות לשומנים,True,"[{""span"": ""80:1 פחמימות לשומנים"", ""aspect"": ""QUANTITY"", ""confidence"": 0.8}]",,,,
UgxSSQqLEId8yure8Oh4AaABAg,לאחר הכנה מדוייקת לצערי זה נראה כמו ספינג אבל בטעם ממש לא.😢,False,[],,,,
UgwDy1r__VMztLKKy9J4AaABAg,",וואוו איזה כף לחזור לשיגרה תודה רבה יקירה ❤",False,[],,,,
Ugy3LdNIcmjkDoBO6Ux4AaABAg,תודה רבה! יצא טעים מאוד❤️,False,[],,,,
UgxMQSz28XUPV7GmuJt4AaABAg,סרטון מעולה וממש מעניין! עשית לי חשק להמבורגר! 😊,False,[],,,,
UgzsfJV48jhY3wwz6uZ4AaABAg,קובי המתכונים שלך סידרו לי את החיים ❤הקלות של הבישול וההומור הנהדר פשוט גורמים לי להפסיק להתעצל ולהתחיל לבשל. וכשאני יושב לאכול אוכל של בית אני מרגיש כמו בן אדם. ❤,False,[],,,,
Ugy4ANAlMap8yYiSaz54AaABAg,אין על המתכונים שלך😊 קלים ומוצלחים❤❤❤שבת שלום ושנה טובה ומתוקה לכולם.🎉🎉,False,[],,,,
UgylepyGmccwtOZLLJh4AaABAg,נראה ממש ממש טעים 💙,False,[],,,,
UgxYWTcb_-__1WOy-9N4AaABAg,אלוף! יפה לך הפאה 😊,False,[],,,,
UgzHx27IKFs33on4enB4AaABAg,מה דעתך אפשר לשים במרפסת? או שזה ממש לא נעים עם מלא עשן,False,[],,,,
Ugy6LZB3yiYja_HWo6p4AaABAg,תודה רבה רבה נועם היקרה.שבת שלום,False,[],,,,
UgzWelth7CQveU2xibJ4AaABAg,לא מפסיק להבריק🎉,False,[],,,,
UgwNy4N-2zWBvoF7aSl4AaABAg,הפילה סלמון שלך טרי או מומלח? ותודה על עוד סרטון סושי אדיר 🙌🏻 😊,False,[],,,,
UgymEchJWjn4IOFTPKh4AaABAg,סוף סוף מעקודההה,False,[],,,,
UgyFfQVBJkta-XzmsUp4AaABAg,"​​​@--ToniMashiah אין על מה תודה לך טוני ששיתפת את המתכון הנהדר הזה! והמחמאות זה כשמגיע מגיע ❤️ אוקיי אוותר על הוויסקי, האם אפשרי 4 מיל וודקה + 4 מיל רום?",True,"[{""span"": ""4 מיל וודקה + 4 מיל רום"", ""aspect"": ""SUBSTITUTION"", ""confidence"": 0.85}]",,,,
Ugxcg1dlqnnXgbHkcIh4AaABAg,את דומה לאודיה 😊 אבל למה,False,[],,,,
UgygIQ055Id8BTOAo6t4AaABAg,"מתה עליך 😅חמוד, מלא חיים, ואור.
תודה על כל הסרטונים ❤🙏🏻",False,[],,,,
UgzAfH4mP2qGsHiD9m54AaABAg,אפשר לקבל את המתכון?🙏,False,[],,,,
UgwGnxcZ7Iz1OwwJMiZ4AaABAg,"וואי, רק עכשיו נתקלתי במתכון הזה, וזו בדיוק השאלה ששאלתי את עצמי. למה לא לשים את הרסק לפני ששמים את הקציצות, ככה לא צריך לבחבש ולהרוס אותן, וגם זה נראה שהרסק לא התפזר על כל הקציצות בצורה שווה, על הקציצות שבשוליים אין בכלל רסק, בזמן שעל חלק מהקציצות באמצע יש הרבה רסק.
נראה לי הגיוני יותר לשים את הרסק לפני הקציצות.",True,"[{""span"": ""לשים את הרסק לפני ששמים את הקציצות"", ""aspect"": ""TECHNIQUE"", ""confidence"": 0.85}]",,,,
UgyNBHewc_GHpV7916R4AaABAg,עד מתי תפסיק לחשוב שאין לנו סוטאז׳ אנחנו לא חיים במערה 😭,False,[],,,,
UgyrAZTi5fIXmgazFL14AaABAg,זה נראה טעים,False,[],,,,
UgxSraoXfpiJpHgiaWZ4AaABAg,איפה קונים סלרי קצוץ? אתה מבין שאתה מכין הכל מראש....אז למה שיהיה לך קשה,False,[],,,,
UgypCVpoHYZ1Yh_5uRl4AaABAg,טוני את מהממת,False,[],,,,
UgwiJCzSpXs96tXUcVt4AaABAg,"לאיש היהודי נגמר שמן הבישול ורצה לבשל. קנינו שמן בישול, שמן זרעי חמניות ושמן זית.",True,"[{""span"": ""שמן בישול, שמן זרעי חמניות ושמן זית"", ""aspect"": ""SUBSTITUTION"", ""confidence"": 0.7}]",,,,
Ugx11Qhwvseud01vgAF4AaABAg,אין לי תאבון אבל מה שטתה  מכין  נותן לי תאבון חח אתה גדול,False,[],,,,
UgwG5d45SoGl6_RpND94AaABAg,"מקצוענית , כמו בכל מתכון 👍",False,[],,,,
Ugw21o_Z2mInLd42d394AaABAg,"מושלם!!!👌
כל כך מרשים ומושקע!
תודה ליהי היקרה!❣️💜🤍💯🎂",False,[],,,,
UgwE4xs-k6tZG1CzUAN4AaABAg,"נראה מדהים כרגיל, את חושבת שאפשר להמיר את הגבינה אולי במיונז?",False,[],,,,
UgwUPpVPdvbaosHZPNZ4AaABAg,😊😊סליחה שאני אומרת שזה לא ניארה מגרה 😅,False,[],,,,
UgyW0seMnkgXALc_1X54AaABAg,"הי שירן❤המתכון מהמם כמו תמיד❤רציתי לשאול , יש באתר שלך חצאיות לנערות או שלא?",False,[],,,,
UgzoxzxmIaKJJC5JH2x4AaABAg,בהחלט! אפשר למלא במה שרוצים 🤩,True,"[{""span"": ""מילוי פרווה"", ""aspect"": ""SUBSTITUTION"", ""confidence"": 0.95}]",,,,
UgzUD6_SzrSsUCAeqvR4AaABAg,ריגשתתתתתת ❤ בת של מלך 👑 מהממת,False,[],,,,
Ugyk8huG0fv4io_e8_B4AaABAg,תלמד אתנו עך מחינים עוגת שוקולד,False,[],,,,
UgzDhPcszKtyFKnrR1h4AaABAg,אשמח לקישור לרשת אידוי,False,[],,,,
UgwbtU9WELWW_VyBeSl4AaABAg,אפשר מתקון לבשר הזה שנראה ממש אש😊,False,[],,,,
UgxMObx0yKdrOar_ivp4AaABAg,אצלנו היו עושים צרמלה,False,[],,,,
Ugy2rGkgtUHNiVMeNkd4AaABAg,מדהייייםתודה סמדר יקרה❤,False,[],,,,
Ugy7ZydJ1ZrTgOHsFtB4AaABAg,אני יגיד את האמת שזה ניראה sus,False,[],,,,
UgzhCRWqJjTrqxXqRmx4AaABAg,"בויה ישך אחלה אוכל נשיקות אבל שתדע
סויה קנולה זה רעל רק שמנז",True,"[{""span"": ""סויה קנולה"", ""aspect"": ""SUBSTITUTION"", ""confidence"": 0.9}]",,,,
UgzPb9oCEtdLtasAefp4AaABAg,למה לא עם גרעיני תירס קפוא?,False,[],,,,
UgxNwGDz_bPzVXtFGc14AaABAg,"מעלפים, מעלפים.
איזה כייף לך אמא, בנים מקסימים.❤❤❤",False,[],,,,
Ugw2QDWZlBZt-6Zx7oN4AaABAg,אתה חייב להכין סינר של תקנו סוטז,False,[],,,,
UgwKLzwOpWwAdjZlcL54AaABAg,מתי  סרתון 67,False,[],,,,
UgxQkzr8Yc8ke1e8WJF4AaABAg,נראה מעולה תודה עלה המתכון,False,[],,,,
UgzUKKsYAfMTdfBr4A94AaABAg,תודה מקסים ❤❤❤,False,[],,,,
Ugy3oBWuiAFFn2RoecZ4AaABAg,את פשוט הפתעה כל פעם מחדש!,False,[],,,,
UgwAPW91mttKjebA2gl4AaABAg,ראשית ברוכה הבאה ❤.  שנית לא ממליצה להחליף את הכוסמין מלא יש לו תפקיד במרקם של העוגיה ..לגביי הכפלת כמויות יעבוד מצויין,True,"[{""span"": ""הכפלת כמויות"", ""aspect"": ""QUANTITY"", ""confidence"": 0.95}]",,,,
UgxP6uUZgMSB576GboF4AaABAg,אתם משמחים את הלב והאמא הלוואי להיות כזו,False,[],,,,
UgwSpcc9eW66PP1wYp54AaABAg,וואוו משגע אלופה 💗,False,[],,,,
UgwDM1Cfj-f4qx9Hed14AaABAg,"סרטון ישראלי של בשר ואוכל ברמה הכי גבוהה שיכול להיות!!!
תודה לך 👑",False,[],,,,
UgyGo6jQiQ10LEoksHh4AaABAg,לינק... תודה רבה אלוף,False,[],,,,
UgzVnCxngcZJhron87J4AaABAg,וואו איזה טעים בייגלה ירושלמי טעים מאוד טעים ברמות על תודה על המתכונים שלך אלופה❤,False,[],,,,
UgwoRn0B3AFH1Wk6hnd4AaABAg,טוני היקרה כל פעם מפתיעה עם  מתכונים מהממים תודה לך,False,[],,,,
Ugy3QyGBa9Glci75RSJ4AaABAg,תור לבדיקות דם דחוף,False,[],,,,
UgwqMbrlsV39m9h0DGh4AaABAg,מספר אחת אתה מימון,False,[],,,,
UgwPn0Eo5CdVsVwkR1R4AaABAg,האם אפשר שמן קוקוס במקום חמאה?,False,[],,,,
Ugz-JRCQ1025FI-Pmel4AaABAg,אמאלה איזו אלופה שאת.והמתכונים מושלמים שאפוו ענק,False,[],,,,
Ugy9NJzBw8SCQJ7QHmh4AaABAg,❤אפשר לינק למיקסר עם הנחה אשמח❤,False,[],,,,
UgzwPy2zdOhHqBmMsqZ4AaABAg,"סרטונים טובים מאוד ...עושים לנו נחת
הנאה ..והכי כיף לבשל ולאפות איתך סיון 🏅✨🏅",False,[],,,,
UgwHGZqfpA8FEFALs6F4AaABAg,בוקר טוב איזה יופי משהו מיוחד ❤❤,False,[],,,,
Ugw4BTE_isUx0V0eSKp4AaABAg,ומה עם כל החומרים המשמרים ותוספי הטעם??? עדיף להכין עוגיות ביתיות,False,[],,,,
UgwEG002izj3KzuI8R14AaABAg,"איזה בשר ?  ש
ובמקום אווז מה אפשר?
יישוב טוב ומבורך לכם.",False,[],,,,
Ugw0rc0t4vs9uG57cAZ4AaABAg,זה נראה חי בפנים,False,[],,,,
Ugz4blgRPCt01h34T_14AaABAg,אין מילים ..  מעשה ידיי אומן... 🏆  החלמה מהירה  בריאות יקרה🙏❤️,False,[],,,,
UgwlectBNK3r4X4m6DV4AaABAg,וואי זה נראה טעים רצח,False,[],,,,
UgwZOBEOXIL_yJyfBDh4AaABAg,"איך את עושה את האפקט המושלם הזה בעריכה שהבצק התנפתח בסרטון זה מגניב ואני גם מכינה מתכונים ועושה סרטונים ואשמח לדעת איך את עושה את האפקט הזה❤כי זה מהמם תמיד רציתי לדעת
אשמח שתעני❤",False,[],,,,
Ugz5FBv5FZj9iQDacyV4AaABAg,כל המתכונים שלך מצליחים לי בנסיון ראשון כל הכבוד לך,False,[],,,,
Ugwp2bx3u3wjt0IlOv94AaABAg,ניראה טעים תודה רבה לכם אלופים,False,[],,,,
UgwbQ5T1-FyMyjj0lg54AaABAg,איזה כיף שחזרתה נראה טעים🔥,False,[],,,,
UgxZzDJymjkRnNXIZFl4AaABAg,יישר כח. את בדרך הנכונה. עלי והצלחי....❤❤❤❤,False,[],,,,
UgyAHRMTdeJLhLheHdJ4AaABAg,"אין על הסרטונים שלך! משעשעים, כשרים, ביתיים!
כיף לראות שיש לך שלטי ניאון חמודים ""קשה? לא קשה!""",False,[],,,,
Ugz3aGOpt9pilefjsb14AaABAg,מהמם! רק למה שהכול ולא מזונות? כמה קמח צריך שיהיה מזונות?,False,[],,,,
UgxNOMLk8GUNIuY5cZl4AaABAg,אחלה קובי תגיד כמה עולה סוטאז?,False,[],,,,
Ugx2k7OHrz4xDrIeEIR4AaABAg,"מהמם 
חבל שאין מידה גדןלה😅",False,[],,,,
UgyLwI3r5A0yu_ybRzR4AaABAg,"אני מגיל 8 חלמתי להיות מסרקת ומאפרת לכלות וכל יום לימדתי את עצמי משהו חדש והיום כשאני כמעט בת 14 אני מנהלת את העסק הפרטי שלי לתסרוקות לילדות לאירועים כבר כמעט שנתתים ולוקחים אותי ללא מעט אירועים❤️😊 אני בעצם רוצה להגיד שבאמת אף פעם אל תוותרו על החלום שלכם כי רק אם תאמינו ותנסו ותתאמצו הוא יתגשם❤️😊🥰 גם אני עוד רק בחצי הדרך כי אני רוצה גם ללמוד איפור אבל בעז""ה גם זה יתגשם!! תאמינו בעצמכם כי רק ככה מתקדמים!!!",False,[],,,,
Ugz6Q5l6NzXlGGqtG954AaABAg,מדהימממוש❤ מה המרקם של העוגיה בביס?,False,[],,,,
Ugxl7lojcUOOvtpuI8t4AaABAg,חיפפת עם הביצה של יהודים כשרים,False,[],,,,
UgzPGMTHzHzL-Fn_giR4AaABAg,ההורים לא פחות אשמים. ✌️🇮🇱,False,[],,,,
UgzJ4D4wDWw-JjzaNOh4AaABAg,נראה לי שמברכים בורא מיני מזונות,False,[],,,,
UgyLFZkvC9zM9ZcHqMh4AaABAg,"תשמע שנים שאני רואה את הסרטונים שלך ואף פעם לא הכנתי משהו שאתה עשית 
נראה לי שגם הפעם זה לא יקרה אבל כיף לי לצפות בסרטונים שלך :)",False,[],,,,
UgzCojk_DlFOfYuEOLN4AaABAg,"המבורגר בייתי זה הדבר מסכים 
ועוד אם איולי קונפי שום וכמהין 🤤",True,"[{""span"": ""איולי קונפי שום וכמהין"", ""aspect"": ""ADDITION"", ""confidence"": 0.95}]",,,,
UgzAd8zsLD_htR9rxb54AaABAg,טעים מאוד...נכין את המרק.💟,False,[],,,,
Ugxzan2ZaKl-8lP1Bb94AaABAg,תודה לאבא של ביג דן!,False,[],,,,
Ugy4frsH-FtH-U57BEd4AaABAg,תעשי סרטונים עם אנשים.🙏,False,[],,,,
Ugw_L2Eqre9jexAcX0l4AaABAg,מדהימה כל המתכונים שלך ערבים לחך אמשיך תמיד לבשל את מטעמייך מהממת ❤❤❤❤🎉🎉🎉🎉,False,[],,,,
Ugx8NVA_GqEVqB-xP2d4AaABAg,את פשוט כישרונית! מאיפה הרעיונות האלו??,False,[],,,,
UgxgRQo6_8StF0UgTYV4AaABAg,"סרטון מעולה כרגיל, נראה מעולה! 
תשמרו על עצמכם!
🤘",False,[],,,,
UgzAG70iQRzmA6ITWmp4AaABAg,תודה לך נועם יקרה הכנתי יצא משהו,False,[],,,,
Ugy4O6AnZOTjbSQzV3B4AaABAg,בשמחה גדולה.  לא תתאים היא תימס ולא יהיה טקסטורה,True,"[{""span"": ""שיבולת שועל דקה"", ""aspect"": ""SUBSTITUTION"", ""confidence"": 0.95}]",,,,
Ugz6Bb3gglbuiiKlJgJ4AaABAg,"כל שנה מסתבכת עם זה ונשבעת שאני לא חוזרת על זה לעולם:) אנסה את השיטה שלך , מהממת אחת ,חג שמח. אצלינו זה פסטל",False,[],,,,
UgxI8T9EVVQAAY1XQmx4AaABAg,שלום ליהי. לפני כמה רגעים הסתכלתי על הוידאו שלך למרק וקניידלך לפסח ולחצתי על משהו בטעות וזה נעלם לי. האם את יכולה לכוון אותי לכתובת של הוידאו הזה בבקשה?,False,[],,,,
UgyXwtdV53DV4v4OKEd4AaABAg,אם את רוצה באמת בריא תחליפי את השמן קנולה בשמן קוקוס,True,"[{""span"": ""תחליפי את השמן קנולה בשמן קוקוס"", ""aspect"": ""SUBSTITUTION"", ""confidence"": 0.95}]",,,,
UgwOKFWQXvQAjGxXRRp4AaABAg,"טוני יקרה❤
הכנתי היום את
עוגיות האגוזים שלך🎉חלום יבורכו ידייך ❤פשוט וואוו
❤❤🎉🎉❤❤",False,[],,,,
UgzdHIdmG6mJ1tf3iFB4AaABAg,"סוף סוף מתכון מפורט, אשמח לפרטים על הציוד הדרוש",False,[],,,,
UgxFpyFBpsD_w27QNe54AaABAg,"וואווו שירן איזה רעיון מהמם😍😍😍😍
תודה על הסירטון❤",False,[],,,,
UgwOTYyFBTARWR713ap4AaABAg,מישהו יודע מחיר❤תודה,False,[],,,,
UgzMpn79LGC8NBJ-G_N4AaABAg,אין עליך מימון אלוף אתה🙏🙏🙏👌👌תודה,False,[],,,,
Ugz-lLohxuijp9PjTul4AaABAg,איזה חלק זה פילה עוף? זה החזה או פרגיות?,False,[],,,,
Ugw7p6xHreN_W0hz5f94AaABAg,תודה ❤ נוח מאוד שיש גם את המתכון  בכתב,False,[],,,,
Ugyh9S8srQJzOnCjoRV4AaABAg,כרגיל אלופה אמיתית ❤❤❤,False,[],,,,
UgysuMtSokprRf0B-n14AaABAg,"כל פעם שאני מכין מתכון שלך, יוצא לי מדהים. אין עליך יא גאון קולינרי.",False,[],,,,
UgyHVafmPTYDwnOjpV14AaABAg,יופי של הסבר תודה רבה רבה,False,[],,,,
Ugy3aWIUitryFTWkBLR4AaABAg,"למה אתהלא מוכר סוטז????
ו...גם סינר !!!",False,[],,,,
UgwqhFk_a-ji9uM8uUV4AaABAg,אסור לאכול דג עם חלבי,False,[],,,,
UgyelsAX7dsTPCfMjoN4AaABAg,מוקרם ב 400 שקל,False,[],,,,
Ugx5XJAgNH9SypzFM7l4AaABAg,ניראה מעולה ‏‪,False,[],,,,
Ugzkb90lZDEKjdrZYQR4AaABAg,3 כוסות קמח אוניברסליות,True,"[{""span"": ""3 כוסות קמח"", ""aspect"": ""QUANTITY"", ""confidence"": 0.95}]",,,,
UgxaPMGWh2ARZmT6YvZ4AaABAg,דונאטס של השמחות 🍩🔥,False,[],,,,
UgzFapfUk6f6Sox3Rp14AaABAg,וואו איזה עוגה❤,False,[],,,,
UgxYh11d0et9ZI1nUGN4AaABAg,תודה על סרטון נהדר ומושקע !,False,[],,,,
UgwM_RfEh2p8P8k3MFJ4AaABAg,מי יכול עליך מקסים שכמוך😀😀😀תודה על מתכונים נהדרים ..חג שמח לך ולמשפחתך,False,[],,,,
Ugz7Mo6E6QtjI7zGExh4AaABAg,"אפשרי אבל חשוב לשים לב לכמה מתייבש לרוב 40% איבוד במשקל זה מספיק ומעבר זה יכול להיות כבר ממש ממש יבש , אבל זה עניין של העדפה יותר",True,"[{""span"": ""40% איבוד במשקל זה מספיק"", ""aspect"": ""QUANTITY"", ""confidence"": 0.85}]",,,,
UgyRYcwZ0FX1xCh28zF4AaABAg,יש גם גרסה חלבית,True,"[{""span"": ""גרסה חלבית"", ""aspect"": ""SUBSTITUTION"", ""confidence"": 0.8}]",,,,
Ugzy_rZ4iVSWiS5NuD54AaABAg,וואוו הכנתי  מתכון נהדר,False,[],,,,
Ugz2xNl1O4mfUan811V4AaABAg,אפשר מחכון פרווה בבקשה❤,False,[],,,,
UgxAJDO9jLxx6eRtsJV4AaABAg,ניראה נדיר😋יבורכו ידייך ❤❤,False,[],,,,
UgzE9oGljYBoHps-g8R4AaABAg,ווואווו נראה פגז תבורך ידיים מבורכות יתותח על איפה שאתה נוגע קסם ♥️🍎🍒🍓🍾🥂,False,[],,,,
UgwHvuUke8gLH651sl14AaABAg,Ya pozell 😅 תכין מתכונים לפסח בלי קטניות קשה? לא קשה אז יאללה מתכונים חחחחח 😂❤,False,[],,,,
UgzFgzOVHTTZK5XvxKt4AaABAg,"חן יקרה
את יכולה לצרף את המתכון בבקשה?
רוצה להכין
תודה מראש❤",False,[],,,,
UgyZGjA5uC8x8HWnmLd4AaABAg,"פריכות כותבים עם כ׳, לא עם ח׳",False,[],,,,
UgxWDbIJcD7rVjnflZl4AaABAg,"נראה מעולה 
יא אולןהיםםםם❤🎉",False,[],,,,
UgytML8gVV3GAmHlEC54AaABAg,אני צרפתי תודה שאתה משתף אותנו שיהיה לך הצלחה בריאות ובשורות טובות אמן ותתחדש לבית החדש ⚡️❤️‍🔥🇫🇷,False,[],,,,
UgyO55UlQo2LQ_Ch-rx4AaABAg,"אני מוסיפה : כף ברנדי או תמצית מי הדרים 
ולהחליף רבע מהסוכר במייפל ותמצית שקדים משדרג את הטעם ❤",True,"[{""span"": ""כף ברנדי או תמצית מי הדרים"", ""aspect"": ""ADDITION"", ""confidence"": 1.0}, {""span"": ""להחליף רבע מהסוכר במייפל"", ""aspect"": ""SUBSTITUTION"", ""confidence"": 1.0}, {""span"": ""תמצית שקדים"", ""aspect"": ""ADDITION"", ""confidence"": 1.0}]",,,,
UgyswA6O8hMHJqAzymp4AaABAg,"אלופת עולם 
מגיע לך את הכי טוב❤",False,[],,,,
UgwXzHXA-ytH7B7HGaR4AaABAg,אור יופי ומלכות👑,False,[],,,,
UgyRtGeu9GgYMUmrf6h4AaABAg,בעזרת השם הם יחזרו יחד עם כל החטיפים בעזרת השם כל החטיפים יחזרו בריאים בנפש ובגוף 🎗️🎗️🇮🇱🇮🇱,False,[],,,,
UgzwR3vW3OE9aGyQk5F4AaABAg,עוגיות של פעם 😍👍,False,[],,,,
UgxECoFKquWp4SFOleR4AaABAg,"ואוו איזה רמה גבוהה!! נראה אששש
 תודה רבה על הסרטון אלוףףף👑👑",False,[],,,,
UgzoJxz8hnlktVVAWRh4AaABAg,"מי הבר מזל שקיבל את הדבר המושלם הזה????
נראה אשששש",False,[],,,,
UgwXh4wikIbU5UtsMtp4AaABAg,ככה אני מכינה טוני שנים😊❤❤❤❤❤אבל שמה  1 שוקולד חלב ו-1 מריר  ומוסיפה תמצית רום וטוחנת את הבסקויטים  אין טעים מזה!!!❤,True,"[{""span"": ""1 שוקולד חלב ו-1 מריר"", ""aspect"": ""SUBSTITUTION"", ""confidence"": 1.0}, {""span"": ""תמצית רום"", ""aspect"": ""ADDITION"", ""confidence"": 1.0}, {""span"": ""טוחנת את הבסקויטים"", ""aspect"": ""TECHNIQUE"", ""confidence"": 1.0}]",,,,
UgyDujvzmUPTqZTElnR4AaABAg,כל המתכונים שלך מדוייקים ומוצלחים👍,False,[],,,,
UgxgskA3D8M1Yw1eb394AaABAg,כי קובי אלוףף לא מתלכלך😂😂❤❤❤,False,[],,,,
UgylbL1oIZ3GvxkmA-p4AaABAg,עם אני אוהבת עוגה יבשה ולא רוטטת אני יכולה לאפות עוד קצת?,False,[],,,,
UgywK91uu3b5Gd6TixB4AaABAg,יוטיוב יש אפלקציה  !,False,[],,,,
UgxEUvC9tQxEPwZ7OK14AaABAg,"אור האלופה, אין עליך שפיץ !!!!",False,[],,,,
UgwvPDmbvCjxkmrLkrF4AaABAg,מושלם תבורכי 🙏🙏🙏🙏❤❤❤❤,False,[],,,,
UgyH1bCdq0UB3uDrXnd4AaABAg,"יישר כח אשריך צדיק 🙏 
המתכונים והבישולים -
יימי---טעימים ומדהימים... תודה רבה 🙏
 -
קשה לא קשה !!!
בבקשה 🙏 לברך ולאמר תודה רבה 
 אבינו שבשמיים על -כל -הטוב--אמן 🙏",False,[],,,,
UgyxH_FOUoNY-Y_JfGh4AaABAg,"נועם היקרה 😘😘 התגעגעתי מאוד. 
תודה לכן אהובות 👍🏼👍🏼 לילה טוב .",False,[],,,,
UgwFljRA9kEPuyfbDmt4AaABAg,הכל מעניין ביפן!,False,[],,,,
UgxAUUh7i7Gs41HgAGF4AaABAg,איזה כיף! סוף סוף מתכון ללא גלוטן ובריא!,False,[],,,,
Ugw135FPg7NfQs7gbGJ4AaABAg,"חג שמח אלוף, יוצר התוכן והאוכל הטוב בישרלא",False,[],,,,
Ugw_bxQzNQrPyLaB4SF4AaABAg,מרק קל מאוד וטעים באמת ❤🩷💛,False,[],,,,
UgyhLA5FNdrSmfOhA3x4AaABAg,"אני מת על המתכונים שלך את מלכה הכנתי את האוזני המן שלך ויצא מושלם😊
תודה רבה🙏",False,[],,,,
Ugz4JP8glC5ize62Yex4AaABAg,את פשוט מדהימה כל מתכון שלך חלום❤ תבןרכי,False,[],,,,
Ugye4Wh3KOMndJB2G9d4AaABAg,האכול בפסח לא טעים סליחה,False,[],,,,
UgzELdfm6n_ZqXw74R94AaABAg,"איך היא סוחטת את הסמרטוט ועונה לו אדום לבן כתום😂😂😂😂😂במילים אחרות תתאדה לי מהפנים 
אני התעייפתי 😂😂😂",False,[],,,,
Ugy7rmFTu9TEYV9gp414AaABAg,"דן מתאים למרפסת בבניין, באמת כמות עשן מזערית? ובאמת מקבלים טעם של מנגל גחלים? תודה",False,[],,,,
UgwQ6o6qBhnJEl41KxV4AaABAg,"אני כל כך אוהבת את הערוץ שלך סיון, כל פעם מחדש. באמת שאת עילוי, ענווה, צנועה, אמיתית. משהו את מיוחדת מעין כמוך!",False,[],,,,
UgxNMcTYWHa8VZJk4L14AaABAg,את אלופה עם רעיונות מדליק🎉,False,[],,,,
Ugwkjb7vvovpAuuP-np4AaABAg,"נעם זיגדון שלום לך.
אני רואה  את  כל המתכונים הטעימים שלך ביוטיוב. המון תודות .",False,[],,,,
UgwD9ZJ_G-ftwWLRMLZ4AaABAg,לא עושיים כלום בביתמבילדות ובבתים שלכם אתם מנקים יפה הא ?,False,[],,,,
UgziuuB4BagtVEjCz4J4AaABAg,"חמאה, גהי, שומן בקר מומס או אפילו שמן זית בעדיפות אחרונה",True,"[{""span"": ""חמאה, גהי, שומן בקר מומס או אפילו שמן זית"", ""aspect"": ""SUBSTITUTION"", ""confidence"": 0.95}]",,,,
UgwjcwyFzqUEslFffsF4AaABAg,"מתכונים מעולים🌟⭐🤩
פורים שמח🎉🎉🎉🎉🎊🥳",False,[],,,,
Ugx6eTKgKSSYTMpvusJ4AaABAg,"מוזגים מרק קובי ,מגישים אוכל",False,[],,,,
UgwoFpIhoHWF00Mm9od4AaABAg,תתחדש על הבית ❤,False,[],,,,
UgzB2B1aB5fhv7dVDS14AaABAg,בתיאבון איש גדול,False,[],,,,
Ugw9WJAT0-SV8NUwx6N4AaABAg,אין אליך בעולם😍,False,[],,,,
UgxcFE9h-uNyPErSIE14AaABAg,אלוף ניראה מעולה❤,False,[],,,,
UgzPktrlW-J0NGYrCdN4AaABAg,"חייב לזכור לא לראות את הסרטונים שלך כשאני רעב, וואו! איזה סרטון משגע!
האמת שאני חושב שאתה צריך לשקול לעשות ארוחות אצלך בבית (בתשלום כמובן), תחשוב על זה דן... 😉",False,[],,,,
UgyshjXwWcbV8iaUuU94AaABAg,"מהממת, ברכה והצלחה! נסתרות הם דרכי השם, כנראה שהשם התאווה לתפילתך. נשמח לראות את הקולקציה",False,[],,,,
UgzrizlbxsUtS6tfE214AaABAg,קובי האלוף קשה לא קשה ❤❤❤❤❤❤❤❤❤❤❤❤ תמשיך ליצר לנו עוד תוכן מעולה❤❤❤,False,[],,,,
Ugx7oNlnrSyKdyP3S4F4AaABAg,לא קשה משפחה מדהימה וטעימה❤❤❤,False,[],,,,
UgzepZfx4H6yAPOyW9Z4AaABAg,מצחיקים אין עליכם,False,[],,,,
UgwK97UJfcT-AMwkJfV4AaABAg,"בע""ה לפחות לברך לפני הארוחה הבאה ❤❤❤❤🎉🎉🎉🎉😮😮😮😮😅😅😅😅😂😂😂😂",False,[],,,,
UgzAXTH3LTC93_CPz9Z4AaABAg,איזה יופי! ברור!❤,False,[],,,,
Ugxv07QPY3eEALfl4Op4AaABAg,מהממת שירן אגב מי זאת לידך?,False,[],,,,
UgzTfodbfYlh8qVDZQ14AaABAg,בסטורמה אני מת על בסטורמה.. אגב מזה בסטורמה?,False,[],,,,
UgyXwEauKw4pGkahmpl4AaABAg,לא הבנתי איך מקבלים את האייפון ?,False,[],,,,
UgykGqtLKxM8YUEjXFx4AaABAg,וואאוו איזה מהמממם,False,[],,,,
UgzofyxWFYPHZZ43Iwh4AaABAg,נראה ממש טעים כל הכבוד😮,False,[],,,,
UgyyMqBgezJbjxHgG-Z4AaABAg,חגית אפשר במקום מרגרינה חמאה,False,[],,,,
UgzLoCSCSYCBHRLd9dN4AaABAg,אני רואה שאתה אוהב דיסני 😂😂😂,False,[],,,,
UgwtKM8Wv5x_jrmAre54AaABAg,הכנתי יצא נדיר שאין דברים כאלההה❤❤❤,False,[],,,,
Ugxak6Nojwy2D-vusdJ4AaABAg,‏תקשיבי אני אגיד לך את האמת עשיתי את זה וזה יצא מה זה מגעיל איך אני בחיים לא יכין יותר מתכונים שלך יא מגעילה,False,[],,,,
Ugy0mz9XQmfL-QtQbmB4AaABAg,אמאלה איזה חמודה שהזמנת אותה אלייך ואלין פשוט אלופה,False,[],,,,
UgxZV_Z7rjWlRb_afwd4AaABAg,יפה לך מטפחת❤😊,False,[],,,,
UgzNlehKhM4uN0M7IGF4AaABAg,"חייבת לציין.. קצר ולעניין..
חיפשתי המון זמן מתכון כזה קל וקצר.. תבורכי.. 🙌",False,[],,,,
